云南的和不是云南的都沉默了,深海色带鱼,132.4万
《 爷 爷 拯 救 不 完 了 》,远古黑金,105.4万
真人手法VS动漫特效！我在现实世界还原了JOJO里的赌术！,一颗咕咕星,90.3万
白嫖党的硬币保不住了？自制「隐形人」短片，用特效夺走你的硬币,影视飓风,439.1万
废 话 连 篇,茶咩cc,17.8万
我打赌，这个猫咪做出来你能玩一天,江寻千,127.7万
低成本口碑佳作《毛骗》正式登陆B站，S1E01 梦开始的地方！（防骗！反诈！）,李洪绸,25.6万
【亮记生物鉴定】网络热传生物鉴定39,无穷小亮的科普日常,759.1万
⚡️云 南 的 澎 湖 湾⚡️,白勺啊达,68.2万
学了十年代码写的《拳皇》,M木糖M,183.8万
“请把我埋在，埋在那地理”,司墨尧smile,143.7万
《 卷 死 自 己 》,记录生活的蛋黄派,719.9万
《绝区零》首曝PV | 世界全剧终，欢迎来到新艾利都！,绝区零,136.8万
这玩意要是不简单，把我的头拧掉！！！【冰淇淋】,窝头是个暴脾气,119.6万
朋友们，我飘了，敢在B站上传10分钟以上的视频了！,帅农鸟哥,267.5万
深度揭秘手机芯片能效！到底谁功耗最高？为什么会翻车？,极客湾Geekerwan,265.7万
用时一个多月成功骑行穿越阿里中线，亚热乡水井房扎营休息一天,徐云流浪中国,79.8万
《我奶也可以成为国际超模之BV葆蝶家》,耿奶奶,8.3万
精彩！！全球通关率1.4%，在虚无世界寻找*存在*的意义，你从未见过的俄罗斯超现实主义游戏-《pathologic》,33不是山山,137.1万
我花了20天在vr里画出了初号机,博舒,12万
“为什么他们都在笑，我却哭成了狗...”,盗月社食遇记,684.2万
云 南 战 车,圣屠,11.4万
30+连败赏金猎人？我能创造历史吗？,我是TOO,114.3万
决斗必须要有铁的意志和钢的强韧【水无月菌】,水无月菌,220.2万
我 吹 唢 呐 的,浑元Rysn,248.1万
【连续洗30天冷水澡】我的身体发生了什么变化?,帅soserious,262.2万
【刘谦魔术课】不认识这人，不要说你懂魔术,刘谦,240.7万
【 变 形 蛋 】我花了30天，把蛋改成了这样……,刘木头LiuMutou,6.3万
《明日方舟》危机合约新赛季「渊默行动」宣传PV,明日方舟,456.3万
我 是 主 E 的,核动力路灯,21.5万
华农兄弟：兄弟把母校改成了加工厂，让更多人在家就能就业,华农兄弟,643.5万
没错！我们是全世界最土的人！！！,宝剑嫂,413.5万
乡村真人版《战神金刚》：我来组成头部…,阿拉丁狗蛋儿,23.7万
【花泽香菜自投稿】恋爱循环，再来一遍！,花泽香菜,228.2万
哈尔的移动城堡，还原宫崎骏动画里的早餐~【糖霜饼干】,糖霜饼干的奇妙物语,16.6万
靠近一点点婚礼版,三套车乐队,14.8万
假如我被全网封杀 我还能靠什么挣钱,敖厂长,756.2万
你好，我叫卡塔琳娜【原神】,洛飕飕,35.2万
东北麻辣烫店里的炸串也太好炫了，老板竟然是浙大博士！,小紧张的虫虫,317.5万
"现场见证 ""G6汤神"" 时隔三年！成功晋级西决！灰熊再见！",老李船长,39.2万
B站首个『我是云南的 』 改编 “宏伟大气”国风说唱✔,宫赫音NHz,10.1万
长短发都能做！荆棘公主发型～夏天不热 巨显脸小,赤色小荔枝,25.4万
