【它更强了！也更憨了。。。】,大宽物理,53.2万
耗时60天，用真实蛇骨标本打造一把附魔蛇骨刀,修一j,49.6万
我把刘畊宏做成了游戏！本草纲目+音游有没有搞头？,火山哥哥,70.1万
一支来自10年前的年度混剪,百万剪辑狮,105.7万
【好 嘛 我 就 是 你 的 修 勾 ！】,星有野,303.3万
贱谍过家家,小潮院长,766.4万
【亮记生物鉴定】网络热传生物鉴定40,无穷小亮的科普日常,759.1万
剪个“黄金爆炸头”去吃夜宵，社恐瞬间变社牛…【鸠占鹊巢6】,盗月社食遇记,684.2万
千万不要随便相信一条狗......,天才小熊猫本人,212.2万
DECO*27 - 愛言葉Ⅳ feat. 初音未来,DECO27_Official,47.5万
笑死...DNA都裂开了！哪个鬼才教你这么剪视频的？,Crazy-face,30.3万
《原神》剧情PV-「惟余旧忆」,原神,1157.6万
"现场见证 ""勇士西部冠军"" 全场高呼库里MVP！晋级总决赛！",老李船长,39.2万
《鸣潮》概念CG | 昼前,鸣潮游戏,55.2万
骑行新藏线去新疆，班公湖观景台露营，热情网友大老远开车送来物资,徐云流浪中国,79.8万
《高考作文名人名言》用Rap来积累作文素材是怎样的体验,翎人祭酒,16.4万
ヒステリックナイトガール【弹丸论破2】手书【live2d动画】,雷厲風行_shin,8.2万
假面骑士-藏狐,异次元臭豆腐,22.3万
"这就是我""萌妹以求""的生活",喵哉小茶馆,13.1万
【渊默行动】全网首杀 盐风溶洞38级 四象合辙裂渊薮 穷极数算夺天工,莱茵实验组,29.9万
大哥....这也能出续作啊？！2022年7月新番导视！【泛式】,泛式,465.9万
二手电子烟有害吗？电子烟比卷烟更害人吗？,央视新闻,937.6万
爱你，上头,我们都是社畜,32.4万
温柔的疯子？翻遍藤本树的所有作品！我找到了他的成功密码！（上）【瓶说动漫】,瓶子君152,340.5万
挑战10元在古巴吃一天！古巴人均月入¥200？能吃饱吗？,Meetfood觅食,162.9万
当妈前后的我判若两人,papi酱,711.5万
当你带MC原版玩家体验多模组「究极爽包 」？！,马里奥红叔,124.7万
终极暴力！让CPU体验瀑布级洗头！12万8000时速流量瀑布水冷！【科技达】,苏打baka,120.8万
《 你 没 吃 过 的 粽 子 》,记录生活的蛋黄派,719.9万
Aimer×碧蓝航线5周年主题曲《wavy flow》全球首发！,碧蓝航线,202.2万
走进亚马逊贫民窟！野生鳄鱼只要18元一只？,我是郭杰瑞,709.9万
让我们再次⚡️荡⚡️起⚡️双⚡️桨⚡️,新华社,624.5万
监狱犯人每天吃什么？小伙胆大包天，竟跑进监狱亲测了一把,HOLA小测佬,111万
【不止游戏】“P90”和“短剑”这两把枪为什么长这样？,森纳映画,185.2万
