为了体验下在太空里那种失重旋转的感觉自己做了辆失重离心车,817.1
求求你别停产！这玩意我能吃一辈子！！,1101.8
《本草纲目》，但是废话文学,1064.6
【我的世界 4K】一人，四年，十亿方块，一座华夏城,351.5
只要5分钟，请为你的妈妈看完这个视频吧,564
“历史书太小 装不下一个人波澜壮阔的一生 历史书又太大 装下了华夏上下五千年 ”,1355.8
华 妃 之 怒,859.2
G2：打T1这事儿还得我来教你！,364.5
掀开满层辣椒，终于明白，这玩意儿为啥能火爆夜宵街头了！,448.4
⚡️第一次当妈，没啥经验⚡️,522.5
东汉顶流格局有多大？【小约翰】,333.1
这绝对是你见过的最像费玉清版的爱情恰恰,570.3
今年23岁！我居然被迫剃了寸头！,251.7
用【本草纲目】演奏【本草纲目】,289.1
原来名校的答辩PPT长这样，怪不得导师要给满分！,121.7
全世界仅此一辆！用96天为我的宝贝造出一辆兰博基尼 Vision GT概念超跑,280.6
【洛天依AI】玫瑰与泪【ACE COVER】,66.9
峡谷科目四世界纪录：5分4秒速杀小龙！自信即是巅峰！！,418.4
长视频来啦，在b站我还是个新手村的up主，非常感谢大家的认可和支持，我也会一如既往，继续坚持。,402.7
【颈椎自救】5个最舒服的康复动作，缓解肩颈疼痛僵硬！(坐姿版),122.7
一键蒸发7000血的套路！对手：我去！外挂！！！【有点骚东西】,219.2
为了这个视频，我老公去借了一辆劳斯莱斯.......,410
真正的服装设计师看《明日方舟》里时装的反应！,215.9
【阿坝吃饭故事03】汶川,209.3
【动画毕设】《蓝骑士》,133.9
爆肝30天，我用3000块多米诺骨牌画了个龙珠,268
【顶流的诞生】农村小伙自制奢侈品大牌 | 极限反差 | 纪梵希 维密 |,97.2
带男朋友过了一个难忘的生日！！！,171.6
【愚人号】SN-EX-1至8突袭 SN-S-1AB至5 摆完挂机 简单好抄,482.4
说出来你们不信，这里20块钱一天老过瘾了，哈哈,275.1
B站独家《刺客信条 : 大革命》电影版 含全新镜头 中法英三字 155分钟完整版 激荡的革命和爱情 粉丝作品 4K 21:9宽荧幕,128.9
挥汗50天用344根雪糕棒设计制作一把源氏短刀,104.8
“护 食”,242
【LOL】20G2MSI宣传片——上单教父,157.6
经 典 折 磨,170.6
花五个月“解锁”《铠甲勇士激斗传》的最终结局！全部铠甲！,385.2
赚秦明？上梁山？土匪体验券已到账！《水浒传》P20,152.8
【STN快报第六季30-居家版】自从玩了运动游戏，身体一天不如一天了,109.2
小当家还是拍的太保守了！！！,230.6
消失的歌姬丨80年代日本TOP1!中森明菜40周年特辑丨HOPICO,66.3
求求你别卷我了！卖1元真不贵,330.9
《孤勇者》天花板翻唱，谁才是孤勇者之王？,64.5
